﻿<?xml version="1.0" encoding="utf-8"?>
<deployment>
  <id>9da88d16-9f9e-47e9-9600-83c1e4f30acf</id>
  <author>N/A</author>
  <deployer>Push-Deployer</deployer>
  <authorEmail>N/A</authorEmail>
  <message>Created via a push deployment</message>
  <progress></progress>
  <status>Failed</status>
  <statusText></statusText>
  <lastSuccessEndTime />
  <receivedTime>2026-01-13T15:19:31.8200239Z</receivedTime>
  <startTime>2026-01-13T15:19:33.289746Z</startTime>
  <endTime>2026-01-13T15:19:39.1382879Z</endTime>
  <complete>True</complete>
  <is_temp>False</is_temp>
  <is_readonly>True</is_readonly>
  <buildSummary />
</deployment>