<step title="Incoming Request" date="2026-01-13T15:16:44.034" instance="c38d24" url="/ce-devtracker-labs-app.git/git-receive-pack" method="POST" type="request" pid="832,1,18" Accept="application/x-git-receive-pack-result" Host="ce-devtracker-labs-app.scm.azurewebsites.net" User-Agent="git/2.52.0.windows.1" Accept-Encoding="deflate, gzip, br, zstd" Authorization="Bas..." Content-Type="application/x-git-receive-pack-request" Content-Length="527" X-ARR-LOG-ID="516b86f2-de1a-4f3c-924b-8039dcd933f3" CLIENT-IP="185.3.52.158:63690" X-SITE-DEPLOYMENT-ID="ce-devtracker-labs-app" WAS-DEFAULT-HOSTNAME="ce-devtracker-labs-app.scm.azurewebsites.net" X-Forwarded-Proto="https" X-AppService-Proto="https" X-Forwarded-TlsVersion="1.3" X-WAWS-Unencoded-URL="/ce-devtracker-labs-app.git/git-receive-pack" X-Client-IP="185.3.52.158" X-Client-Port="63690" >
  <step title="RpcService.ReceivePack" date="2026-01-13T15:16:44.047" >
    <step title="Executing external process" date="2026-01-13T15:16:44.055" type="process" path="git" arguments="rev-parse --git-dir" /><!-- duration: 42ms -->
    <step title="Assuming git repository at /home/site/repository" date="2026-01-13T15:16:44.100" /><!-- duration: 3ms -->
    <step title="Acquiring Deployment Lock" date="2026-01-13T15:16:44.109" /><!-- duration: 3ms -->
    <step title="Acquired Deployment Lock" date="2026-01-13T15:16:44.149" /><!-- duration: 4ms -->
    <step title="Creating temporary deployment" date="2026-01-13T15:16:44.157" /><!-- duration: 75ms -->
    <step title="GitExeServer.Receive" date="2026-01-13T15:16:44.236" >
      <step title="Executing external process" date="2026-01-13T15:16:44.241" type="process" path="git" arguments="receive-pack --stateless-rpc &quot;/home/site/repository&quot;" /><!-- duration: 99330ms -->
    </step><!-- duration: 99363ms -->
    <step title="Releasing Deployment Lock" date="2026-01-13T15:18:23.666" /><!-- duration: 12ms -->
  </step><!-- duration: 99678ms -->
  <step title="Outgoing response" date="2026-01-13T15:18:23.731" type="response" statusCode="200" statusText="OK" /><!-- duration: 3ms -->
</step><!-- duration: 99706ms -->
