<step title="Incoming Request" date="2026-01-13T15:16:42.349" instance="c38d24" url="/ce-devtracker-labs-app.git/info/refs?service=git-receive-pack" method="GET" type="request" pid="832,1,18" Accept="*/*" Host="ce-devtracker-labs-app.scm.azurewebsites.net" User-Agent="git/2.52.0.windows.1" Accept-Encoding="deflate, gzip, br, zstd" Authorization="Bas..." Pragma="no-cache" X-ARR-LOG-ID="091cad9d-e057-4d1d-bcea-faceae17fa60" CLIENT-IP="185.3.52.158:63690" X-SITE-DEPLOYMENT-ID="ce-devtracker-labs-app" WAS-DEFAULT-HOSTNAME="ce-devtracker-labs-app.scm.azurewebsites.net" X-Forwarded-Proto="https" X-AppService-Proto="https" X-Forwarded-TlsVersion="1.3" X-WAWS-Unencoded-URL="/ce-devtracker-labs-app.git/info/refs?service=git-receive-pack" X-Client-IP="185.3.52.158" X-Client-Port="63690" >
  <step title="Cleanup Xml Logs" date="2026-01-13T15:16:42.352" /><!-- duration: 8ms -->
  <step title="InfoRefsService.Execute" date="2026-01-13T15:16:42.390" >
    <step title="Executing external process" date="2026-01-13T15:16:42.403" type="process" path="git" arguments="rev-parse --git-dir" /><!-- duration: 21ms -->
    <step title="Assuming git repository at /home/site/repository" date="2026-01-13T15:16:42.427" /><!-- duration: 4ms -->
    <step title="InfoRefsService.SmartInfoRefs" date="2026-01-13T15:16:42.436" >
      <step title="Executing external process" date="2026-01-13T15:16:42.446" type="process" path="git" arguments="rev-parse --git-dir" /><!-- duration: 11ms -->
      <step title="Assuming git repository at /home/site/repository" date="2026-01-13T15:16:42.462" /><!-- duration: 4ms -->
      <step title="GitExeServer.AdvertiseReceivePack" date="2026-01-13T15:16:42.471" >
        <step title="Executing external process" date="2026-01-13T15:16:42.480" type="process" path="git" arguments="receive-pack --stateless-rpc --advertise-refs &quot;/home/site/repository&quot;" /><!-- duration: 53ms -->
      </step><!-- duration: 66ms -->
      <step title="Writing 218 bytes" date="2026-01-13T15:16:42.541" /><!-- duration: 4ms -->
    </step><!-- duration: 114ms -->
  </step><!-- duration: 163ms -->
  <step title="Outgoing response" date="2026-01-13T15:16:42.559" type="response" statusCode="200" statusText="OK" /><!-- duration: 9ms -->
</step><!-- duration: 231ms -->
