<step title="Executing external process" date="2026-01-13T15:15:34.910" instance="c38d24" type="process" path="kudu.exe" arguments="/home/site /opt/Kudu/msbuild" >
  <step title="Cleanup Xml Logs" date="2026-01-13T15:15:34.949" /><!-- duration: 7ms -->
  <step title="Deployment timer started" date="2026-01-13T15:15:34.988" >
    <step title="Executing external process" date="2026-01-13T15:15:35.031" type="process" path="git" arguments="log -n 1 master --" /><!-- duration: 257ms -->
    <step title="DeploymentManager.Deploy(id:c6813d25f97acb4d463a00d769ea0efa143cb2fe)" date="2026-01-13T15:15:35.339" >
      <step title="Collecting changeset information" date="2026-01-13T15:15:35.357" /><!-- duration: 668ms -->
      <step title="Updating to specific changeset" date="2026-01-13T15:15:36.066" >
        <step title="Executing external process" date="2026-01-13T15:15:37.332" type="process" path="git" arguments="checkout master --force" /><!-- duration: 1343ms -->
      </step><!-- duration: 2615ms -->
      <step title="Updating submodules" date="2026-01-13T15:15:38.687" /><!-- duration: 211ms -->
      <step title="Determining deployment builder" date="2026-01-13T15:15:39.220" >
        <step title="Builder is OryxBuilder" date="2026-01-13T15:15:39.236" /><!-- duration: 7ms -->
      </step><!-- duration: 32ms -->
      <step title="PreDeployment: context.CleanOutputPath False" date="2026-01-13T15:15:39.317" >
        <step title="PreDeployment: context.OutputPath /home/site/wwwroot" date="2026-01-13T15:15:39.495" >
          <step title="Building" date="2026-01-13T15:15:39.679" >
            <step title="Executing external process" date="2026-01-13T15:15:40.143" type="process" path="bash" arguments="-c &quot;oryx build /home/site/repository -o /home/site/wwwroot --platform nodejs --platform-version 20 -p virtualenv_name= --log-file /tmp/build-debug.log  -i /tmp/8de52b69c4611c9 -p compress_node_modules=tar-gz | tee /tmp/oryx-build.log ; exit $PIPESTATUS &quot;" >
              <step title="Process dump" date="2026-01-13T15:16:11.460" exitCode="1" type="processOutput" /><!-- duration: 4ms -->
            </step><!-- duration: 31366ms -->
            <step title="Error occurred" date="2026-01-13T15:16:11.586" type="error" text="npm error code ERESOLVE
npm error ERESOLVE could not resolve
npm error
npm error While resolving: @azure/msal-react@2.2.0
npm error Found: react@19.2.3
npm error node_modules/react
npm error   react@&quot;^19.2.0&quot; from the root project
npm error   peerOptional react@&quot;^16.9.0 || ^17.0.0 || ^18 || ^19&quot; from @reduxjs/toolkit@2.11.2
npm error   node_modules/@reduxjs/toolkit
npm error     @reduxjs/toolkit@&quot;1.x.x || 2.x.x&quot; from recharts@3.6.0
npm error     node_modules/recharts
npm error       recharts@&quot;^3.6.0&quot; from the root project
npm error   8 more (@testing-library/react, lucide-react, react-dom, ...)
npm error
npm error Could not resolve dependency:
npm error peer react@&quot;^16.8.0 || ^17 || ^18&quot; from @azure/msal-react@2.2.0
npm error node_modules/@azure/msal-react
npm error   @azure/msal-react@&quot;^2.0.11&quot; from the root project
npm error
npm error Conflicting peer dependency: react@18.3.1
npm error node_modules/react
npm error   peer react@&quot;^16.8.0 || ^17 || ^18&quot; from @azure/msal-react@2.2.0
npm error   node_modules/@azure/msal-react
npm error     @azure/msal-react@&quot;^2.0.11&quot; from the root project
npm error
npm error Fix the upstream dependency conflict, or retry
npm error this command with --force or --legacy-peer-deps
npm error to accept an incorrect (and potentially broken) dependency resolution.
npm error
npm error
npm error For a full report see:
npm error /home/.npm/_logs/2026-01-13T15_16_01_763Z-eresolve-report.txt
npm notice
npm notice New major version of npm available! 10.8.2 -&gt; 11.7.0
npm notice Changelog: https://github.com/npm/cli/releases/tag/v11.7.0
npm notice To update run: npm install -g npm@11.7.0
npm notice
npm error A complete log of this run can be found in: /home/.npm/_logs/2026-01-13T15_16_01_763Z-debug-0.log
/bin/bash -c &quot;oryx build /home/site/repository -o /home/site/wwwroot --platform nodejs --platform-version 20 -p virtualenv_name= --log-file /tmp/build-debug.log  -i /tmp/8de52b69c4611c9 -p compress_node_modules=tar-gz | tee /tmp/oryx-build.log ; exit $PIPESTATUS &quot;" stackTrace="   at Kudu.Core.Infrastructure.Executable.ExecuteInternal(ITracer tracer, Func`2 onWriteOutput, Func`2 onWriteError, CancellationToken token, Encoding encoding, String arguments, Object[] args) in /tmp/KuduLite/Kudu.Core/Infrastructure/Executable.cs:line 239
   at Kudu.Core.Infrastructure.Executable.ExecuteWithProgressWriter(ILogger logger, ITracer tracer, CancellationToken token, String arguments, Object[] args) in /tmp/KuduLite/Kudu.Core/Infrastructure/Executable.cs:line 118
   at Kudu.Core.Deployment.Generator.ExternalCommandBuilder.RunCommand(DeploymentContext context, String command, Boolean ignoreManifest, CancellationToken token, String message) in /tmp/KuduLite/Kudu.Core/Deployment/Generator/ExternalCommandBuilder.cs:line 122" /><!-- duration: 4ms -->
            <step title="Error occurred" date="2026-01-13T15:16:11.676" type="error" text="npm error code ERESOLVE
npm error ERESOLVE could not resolve
npm error
npm error While resolving: @azure/msal-react@2.2.0
npm error Found: react@19.2.3
npm error node_modules/react
npm error   react@&quot;^19.2.0&quot; from the root project
npm error   peerOptional react@&quot;^16.9.0 || ^17.0.0 || ^18 || ^19&quot; from @reduxjs/toolkit@2.11.2
npm error   node_modules/@reduxjs/toolkit
npm error     @reduxjs/toolkit@&quot;1.x.x || 2.x.x&quot; from recharts@3.6.0
npm error     node_modules/recharts
npm error       recharts@&quot;^3.6.0&quot; from the root project
npm error   8 more (@testing-library/react, lucide-react, react-dom, ...)
npm error
npm error Could not resolve dependency:
npm error peer react@&quot;^16.8.0 || ^17 || ^18&quot; from @azure/msal-react@2.2.0
npm error node_modules/@azure/msal-react
npm error   @azure/msal-react@&quot;^2.0.11&quot; from the root project
npm error
npm error Conflicting peer dependency: react@18.3.1
npm error node_modules/react
npm error   peer react@&quot;^16.8.0 || ^17 || ^18&quot; from @azure/msal-react@2.2.0
npm error   node_modules/@azure/msal-react
npm error     @azure/msal-react@&quot;^2.0.11&quot; from the root project
npm error
npm error Fix the upstream dependency conflict, or retry
npm error this command with --force or --legacy-peer-deps
npm error to accept an incorrect (and potentially broken) dependency resolution.
npm error
npm error
npm error For a full report see:
npm error /home/.npm/_logs/2026-01-13T15_16_01_763Z-eresolve-report.txt
npm notice
npm notice New major version of npm available! 10.8.2 -&gt; 11.7.0
npm notice Changelog: https://github.com/npm/cli/releases/tag/v11.7.0
npm notice To update run: npm install -g npm@11.7.0
npm notice
npm error A complete log of this run can be found in: /home/.npm/_logs/2026-01-13T15_16_01_763Z-debug-0.log
/bin/bash -c &quot;oryx build /home/site/repository -o /home/site/wwwroot --platform nodejs --platform-version 20 -p virtualenv_name= --log-file /tmp/build-debug.log  -i /tmp/8de52b69c4611c9 -p compress_node_modules=tar-gz | tee /tmp/oryx-build.log ; exit $PIPESTATUS &quot;" stackTrace="   at Kudu.Core.Infrastructure.Executable.ExecuteInternal(ITracer tracer, Func`2 onWriteOutput, Func`2 onWriteError, CancellationToken token, Encoding encoding, String arguments, Object[] args) in /tmp/KuduLite/Kudu.Core/Infrastructure/Executable.cs:line 239
   at Kudu.Core.Infrastructure.Executable.ExecuteWithProgressWriter(ILogger logger, ITracer tracer, CancellationToken token, String arguments, Object[] args) in /tmp/KuduLite/Kudu.Core/Infrastructure/Executable.cs:line 118
   at Kudu.Core.Deployment.Generator.ExternalCommandBuilder.RunCommand(DeploymentContext context, String command, Boolean ignoreManifest, CancellationToken token, String message) in /tmp/KuduLite/Kudu.Core/Deployment/Generator/ExternalCommandBuilder.cs:line 122
   at Kudu.Core.Deployment.Generator.OryxBuilder.RunBuildCommand(IOryxArguments args, DeploymentContext context, CancellationToken token) in /tmp/KuduLite/Kudu.Core/Deployment/Generator/OryxBuilder.cs:line 295
   at Kudu.Core.Deployment.Generator.OryxBuilder.Build(DeploymentContext context, CancellationToken token) in /tmp/KuduLite/Kudu.Core/Deployment/Generator/OryxBuilder.cs:line 136
   at Kudu.Core.Deployment.DeploymentManager.Build(ChangeSet changeSet, ITracer tracer, IDisposable deployStep, IRepository repository, DeploymentInfoBase deploymentInfo, DeploymentAnalytics deploymentAnalytics, Boolean fullBuildByDefault, CancellationToken cancellationToken) in /tmp/KuduLite/Kudu.Core/Deployment/DeploymentManager.cs:line 771" /><!-- duration: 6ms -->
            <step title="Using GenericDeploymentLogParser" date="2026-01-13T15:16:11.952" /><!-- duration: 3ms -->
          </step><!-- duration: 33655ms -->
        </step><!-- duration: 33849ms -->
        <step title="Error occurred" date="2026-01-13T15:16:13.348" type="error" text="npm error code ERESOLVE
npm error ERESOLVE could not resolve
npm error
npm error While resolving: @azure/msal-react@2.2.0
npm error Found: react@19.2.3
npm error node_modules/react
npm error   react@&quot;^19.2.0&quot; from the root project
npm error   peerOptional react@&quot;^16.9.0 || ^17.0.0 || ^18 || ^19&quot; from @reduxjs/toolkit@2.11.2
npm error   node_modules/@reduxjs/toolkit
npm error     @reduxjs/toolkit@&quot;1.x.x || 2.x.x&quot; from recharts@3.6.0
npm error     node_modules/recharts
npm error       recharts@&quot;^3.6.0&quot; from the root project
npm error   8 more (@testing-library/react, lucide-react, react-dom, ...)
npm error
npm error Could not resolve dependency:
npm error peer react@&quot;^16.8.0 || ^17 || ^18&quot; from @azure/msal-react@2.2.0
npm error node_modules/@azure/msal-react
npm error   @azure/msal-react@&quot;^2.0.11&quot; from the root project
npm error
npm error Conflicting peer dependency: react@18.3.1
npm error node_modules/react
npm error   peer react@&quot;^16.8.0 || ^17 || ^18&quot; from @azure/msal-react@2.2.0
npm error   node_modules/@azure/msal-react
npm error     @azure/msal-react@&quot;^2.0.11&quot; from the root project
npm error
npm error Fix the upstream dependency conflict, or retry
npm error this command with --force or --legacy-peer-deps
npm error to accept an incorrect (and potentially broken) dependency resolution.
npm error
npm error
npm error For a full report see:
npm error /home/.npm/_logs/2026-01-13T15_16_01_763Z-eresolve-report.txt
npm notice
npm notice New major version of npm available! 10.8.2 -&gt; 11.7.0
npm notice Changelog: https://github.com/npm/cli/releases/tag/v11.7.0
npm notice To update run: npm install -g npm@11.7.0
npm notice
npm error A complete log of this run can be found in: /home/.npm/_logs/2026-01-13T15_16_01_763Z-debug-0.log
/bin/bash -c &quot;oryx build /home/site/repository -o /home/site/wwwroot --platform nodejs --platform-version 20 -p virtualenv_name= --log-file /tmp/build-debug.log  -i /tmp/8de52b69c4611c9 -p compress_node_modules=tar-gz | tee /tmp/oryx-build.log ; exit $PIPESTATUS &quot;" stackTrace="   at Kudu.Core.Infrastructure.Executable.ExecuteInternal(ITracer tracer, Func`2 onWriteOutput, Func`2 onWriteError, CancellationToken token, Encoding encoding, String arguments, Object[] args) in /tmp/KuduLite/Kudu.Core/Infrastructure/Executable.cs:line 239
   at Kudu.Core.Infrastructure.Executable.ExecuteWithProgressWriter(ILogger logger, ITracer tracer, CancellationToken token, String arguments, Object[] args) in /tmp/KuduLite/Kudu.Core/Infrastructure/Executable.cs:line 118
   at Kudu.Core.Deployment.Generator.ExternalCommandBuilder.RunCommand(DeploymentContext context, String command, Boolean ignoreManifest, CancellationToken token, String message) in /tmp/KuduLite/Kudu.Core/Deployment/Generator/ExternalCommandBuilder.cs:line 122
   at Kudu.Core.Deployment.Generator.OryxBuilder.RunBuildCommand(IOryxArguments args, DeploymentContext context, CancellationToken token) in /tmp/KuduLite/Kudu.Core/Deployment/Generator/OryxBuilder.cs:line 295
   at Kudu.Core.Deployment.Generator.OryxBuilder.Build(DeploymentContext context, CancellationToken token) in /tmp/KuduLite/Kudu.Core/Deployment/Generator/OryxBuilder.cs:line 136
   at Kudu.Core.Deployment.DeploymentManager.Build(ChangeSet changeSet, ITracer tracer, IDisposable deployStep, IRepository repository, DeploymentInfoBase deploymentInfo, DeploymentAnalytics deploymentAnalytics, Boolean fullBuildByDefault, CancellationToken cancellationToken) in /tmp/KuduLite/Kudu.Core/Deployment/DeploymentManager.cs:line 771
   at Kudu.Core.Deployment.DeploymentManager.Build(ChangeSet changeSet, ITracer tracer, IDisposable deployStep, IRepository repository, DeploymentInfoBase deploymentInfo, DeploymentAnalytics deploymentAnalytics, Boolean fullBuildByDefault, CancellationToken cancellationToken) in /tmp/KuduLite/Kudu.Core/Deployment/DeploymentManager.cs:line 840" /><!-- duration: 4ms -->
        <step title="Cleaning up temp files" date="2026-01-13T15:16:13.427" /><!-- duration: 29ms -->
        <step title="Cleaning up temp files" date="2026-01-13T15:16:13.460" /><!-- duration: 506ms -->
        <step title="Error occurred" date="2026-01-13T15:16:14.017" type="error" text="npm error code ERESOLVE
npm error ERESOLVE could not resolve
npm error
npm error While resolving: @azure/msal-react@2.2.0
npm error Found: react@19.2.3
npm error node_modules/react
npm error   react@&quot;^19.2.0&quot; from the root project
npm error   peerOptional react@&quot;^16.9.0 || ^17.0.0 || ^18 || ^19&quot; from @reduxjs/toolkit@2.11.2
npm error   node_modules/@reduxjs/toolkit
npm error     @reduxjs/toolkit@&quot;1.x.x || 2.x.x&quot; from recharts@3.6.0
npm error     node_modules/recharts
npm error       recharts@&quot;^3.6.0&quot; from the root project
npm error   8 more (@testing-library/react, lucide-react, react-dom, ...)
npm error
npm error Could not resolve dependency:
npm error peer react@&quot;^16.8.0 || ^17 || ^18&quot; from @azure/msal-react@2.2.0
npm error node_modules/@azure/msal-react
npm error   @azure/msal-react@&quot;^2.0.11&quot; from the root project
npm error
npm error Conflicting peer dependency: react@18.3.1
npm error node_modules/react
npm error   peer react@&quot;^16.8.0 || ^17 || ^18&quot; from @azure/msal-react@2.2.0
npm error   node_modules/@azure/msal-react
npm error     @azure/msal-react@&quot;^2.0.11&quot; from the root project
npm error
npm error Fix the upstream dependency conflict, or retry
npm error this command with --force or --legacy-peer-deps
npm error to accept an incorrect (and potentially broken) dependency resolution.
npm error
npm error
npm error For a full report see:
npm error /home/.npm/_logs/2026-01-13T15_16_01_763Z-eresolve-report.txt
npm notice
npm notice New major version of npm available! 10.8.2 -&gt; 11.7.0
npm notice Changelog: https://github.com/npm/cli/releases/tag/v11.7.0
npm notice To update run: npm install -g npm@11.7.0
npm notice
npm error A complete log of this run can be found in: /home/.npm/_logs/2026-01-13T15_16_01_763Z-debug-0.log
/bin/bash -c &quot;oryx build /home/site/repository -o /home/site/wwwroot --platform nodejs --platform-version 20 -p virtualenv_name= --log-file /tmp/build-debug.log  -i /tmp/8de52b69c4611c9 -p compress_node_modules=tar-gz | tee /tmp/oryx-build.log ; exit $PIPESTATUS &quot;" stackTrace="   at Kudu.Core.Infrastructure.Executable.ExecuteInternal(ITracer tracer, Func`2 onWriteOutput, Func`2 onWriteError, CancellationToken token, Encoding encoding, String arguments, Object[] args) in /tmp/KuduLite/Kudu.Core/Infrastructure/Executable.cs:line 239
   at Kudu.Core.Infrastructure.Executable.ExecuteWithProgressWriter(ILogger logger, ITracer tracer, CancellationToken token, String arguments, Object[] args) in /tmp/KuduLite/Kudu.Core/Infrastructure/Executable.cs:line 118
   at Kudu.Core.Deployment.Generator.ExternalCommandBuilder.RunCommand(DeploymentContext context, String command, Boolean ignoreManifest, CancellationToken token, String message) in /tmp/KuduLite/Kudu.Core/Deployment/Generator/ExternalCommandBuilder.cs:line 122
   at Kudu.Core.Deployment.Generator.OryxBuilder.RunBuildCommand(IOryxArguments args, DeploymentContext context, CancellationToken token) in /tmp/KuduLite/Kudu.Core/Deployment/Generator/OryxBuilder.cs:line 295
   at Kudu.Core.Deployment.Generator.OryxBuilder.Build(DeploymentContext context, CancellationToken token) in /tmp/KuduLite/Kudu.Core/Deployment/Generator/OryxBuilder.cs:line 136
   at Kudu.Core.Deployment.DeploymentManager.Build(ChangeSet changeSet, ITracer tracer, IDisposable deployStep, IRepository repository, DeploymentInfoBase deploymentInfo, DeploymentAnalytics deploymentAnalytics, Boolean fullBuildByDefault, CancellationToken cancellationToken) in /tmp/KuduLite/Kudu.Core/Deployment/DeploymentManager.cs:line 771
   at Kudu.Core.Deployment.DeploymentManager.Build(ChangeSet changeSet, ITracer tracer, IDisposable deployStep, IRepository repository, DeploymentInfoBase deploymentInfo, DeploymentAnalytics deploymentAnalytics, Boolean fullBuildByDefault, CancellationToken cancellationToken) in /tmp/KuduLite/Kudu.Core/Deployment/DeploymentManager.cs:line 840
   at Kudu.Core.Deployment.DeploymentManager.DeployAsync(IRepository repository, ChangeSet changeSet, String deployer, Boolean clean, DeploymentInfoBase deploymentInfo, Boolean needFileUpdate, Boolean fullBuildByDefault) in /tmp/KuduLite/Kudu.Core/Deployment/DeploymentManager.cs:line 266" /><!-- duration: 4ms -->
      </step><!-- duration: 34711ms -->
      <step title="Reloading status file with latest updates" date="2026-01-13T15:16:14.072" >
        <step title="WebHooksManager.PublishEventAsync: PostDeployment" date="2026-01-13T15:16:14.076" /><!-- duration: 172ms -->
      </step><!-- duration: 179ms -->
      <step title="Error occurred" date="2026-01-13T15:16:14.255" type="error" text="npm error code ERESOLVE
npm error ERESOLVE could not resolve
npm error
npm error While resolving: @azure/msal-react@2.2.0
npm error Found: react@19.2.3
npm error node_modules/react
npm error   react@&quot;^19.2.0&quot; from the root project
npm error   peerOptional react@&quot;^16.9.0 || ^17.0.0 || ^18 || ^19&quot; from @reduxjs/toolkit@2.11.2
npm error   node_modules/@reduxjs/toolkit
npm error     @reduxjs/toolkit@&quot;1.x.x || 2.x.x&quot; from recharts@3.6.0
npm error     node_modules/recharts
npm error       recharts@&quot;^3.6.0&quot; from the root project
npm error   8 more (@testing-library/react, lucide-react, react-dom, ...)
npm error
npm error Could not resolve dependency:
npm error peer react@&quot;^16.8.0 || ^17 || ^18&quot; from @azure/msal-react@2.2.0
npm error node_modules/@azure/msal-react
npm error   @azure/msal-react@&quot;^2.0.11&quot; from the root project
npm error
npm error Conflicting peer dependency: react@18.3.1
npm error node_modules/react
npm error   peer react@&quot;^16.8.0 || ^17 || ^18&quot; from @azure/msal-react@2.2.0
npm error   node_modules/@azure/msal-react
npm error     @azure/msal-react@&quot;^2.0.11&quot; from the root project
npm error
npm error Fix the upstream dependency conflict, or retry
npm error this command with --force or --legacy-peer-deps
npm error to accept an incorrect (and potentially broken) dependency resolution.
npm error
npm error
npm error For a full report see:
npm error /home/.npm/_logs/2026-01-13T15_16_01_763Z-eresolve-report.txt
npm notice
npm notice New major version of npm available! 10.8.2 -&gt; 11.7.0
npm notice Changelog: https://github.com/npm/cli/releases/tag/v11.7.0
npm notice To update run: npm install -g npm@11.7.0
npm notice
npm error A complete log of this run can be found in: /home/.npm/_logs/2026-01-13T15_16_01_763Z-debug-0.log
/bin/bash -c &quot;oryx build /home/site/repository -o /home/site/wwwroot --platform nodejs --platform-version 20 -p virtualenv_name= --log-file /tmp/build-debug.log  -i /tmp/8de52b69c4611c9 -p compress_node_modules=tar-gz | tee /tmp/oryx-build.log ; exit $PIPESTATUS &quot;" stackTrace="   at Kudu.Core.Infrastructure.Executable.ExecuteInternal(ITracer tracer, Func`2 onWriteOutput, Func`2 onWriteError, CancellationToken token, Encoding encoding, String arguments, Object[] args) in /tmp/KuduLite/Kudu.Core/Infrastructure/Executable.cs:line 239
   at Kudu.Core.Infrastructure.Executable.ExecuteWithProgressWriter(ILogger logger, ITracer tracer, CancellationToken token, String arguments, Object[] args) in /tmp/KuduLite/Kudu.Core/Infrastructure/Executable.cs:line 118
   at Kudu.Core.Deployment.Generator.ExternalCommandBuilder.RunCommand(DeploymentContext context, String command, Boolean ignoreManifest, CancellationToken token, String message) in /tmp/KuduLite/Kudu.Core/Deployment/Generator/ExternalCommandBuilder.cs:line 122
   at Kudu.Core.Deployment.Generator.OryxBuilder.RunBuildCommand(IOryxArguments args, DeploymentContext context, CancellationToken token) in /tmp/KuduLite/Kudu.Core/Deployment/Generator/OryxBuilder.cs:line 295
   at Kudu.Core.Deployment.Generator.OryxBuilder.Build(DeploymentContext context, CancellationToken token) in /tmp/KuduLite/Kudu.Core/Deployment/Generator/OryxBuilder.cs:line 136
   at Kudu.Core.Deployment.DeploymentManager.Build(ChangeSet changeSet, ITracer tracer, IDisposable deployStep, IRepository repository, DeploymentInfoBase deploymentInfo, DeploymentAnalytics deploymentAnalytics, Boolean fullBuildByDefault, CancellationToken cancellationToken) in /tmp/KuduLite/Kudu.Core/Deployment/DeploymentManager.cs:line 771
   at Kudu.Core.Deployment.DeploymentManager.Build(ChangeSet changeSet, ITracer tracer, IDisposable deployStep, IRepository repository, DeploymentInfoBase deploymentInfo, DeploymentAnalytics deploymentAnalytics, Boolean fullBuildByDefault, CancellationToken cancellationToken) in /tmp/KuduLite/Kudu.Core/Deployment/DeploymentManager.cs:line 840
   at Kudu.Core.Deployment.DeploymentManager.DeployAsync(IRepository repository, ChangeSet changeSet, String deployer, Boolean clean, DeploymentInfoBase deploymentInfo, Boolean needFileUpdate, Boolean fullBuildByDefault) in /tmp/KuduLite/Kudu.Core/Deployment/DeploymentManager.cs:line 266" /><!-- duration: 4ms -->
      <step title="Error occurred" date="2026-01-13T15:16:14.284" type="error" text="One or more errors occurred. (Deployment failed)" stackTrace="   at System.Threading.Tasks.Task.ThrowIfExceptional(Boolean includeTaskCanceledExceptions)
   at System.Threading.Tasks.Task.Wait(Int32 millisecondsTimeout, CancellationToken cancellationToken)
   at System.Threading.Tasks.Task.Wait()
   at Kudu.Console.Program.PerformDeploy(String appRoot, String wapTargets, String deployer, String lockPath, IEnvironment env, IDeploymentSettingsManager settingsManager, TraceLevel level, ITracer tracer, ITraceFactory traceFactory, IOperationLock deploymentLock, IBuildService buildService) in /tmp/KuduLite/Kudu.Console/Program.cs:line 190" innerText="Deployment failed" innerStackTrace="   at Kudu.Core.Deployment.DeploymentManager.DeployAsync(IRepository repository, ChangeSet changeSet, String deployer, Boolean clean, DeploymentInfoBase deploymentInfo, Boolean needFileUpdate, Boolean fullBuildByDefault) in /tmp/KuduLite/Kudu.Core/Deployment/DeploymentManager.cs:line 307
   at Kudu.Console.Program.&lt;&gt;c__DisplayClass1_0.&lt;&lt;PerformDeploy&gt;b__0&gt;d.MoveNext() in /tmp/KuduLite/Kudu.Console/Program.cs:line 183" /><!-- duration: 4ms -->
      <step title="Executing external process" date="2026-01-13T15:16:14.305" type="process" path="git" arguments="log -n 1 master --" /><!-- duration: 61ms -->
    </step><!-- duration: 39033ms -->
