<step title="Incoming Request" date="2026-01-13T15:15:28.855" instance="c38d24" url="/ce-devtracker-labs-app.git/git-receive-pack" method="POST" type="request" pid="832,1,7" Accept="application/x-git-receive-pack-result" Host="ce-devtracker-labs-app.scm.azurewebsites.net" User-Agent="git/2.52.0.windows.1" Accept-Encoding="deflate, gzip, br, zstd" Authorization="Bas..." Content-Type="application/x-git-receive-pack-request" Content-Length="675233" X-ARR-LOG-ID="f7c55cdf-b1fc-47fa-81cc-1362eea31e85" CLIENT-IP="185.3.52.158:58332" X-SITE-DEPLOYMENT-ID="ce-devtracker-labs-app" WAS-DEFAULT-HOSTNAME="ce-devtracker-labs-app.scm.azurewebsites.net" X-Forwarded-Proto="https" X-AppService-Proto="https" X-Forwarded-TlsVersion="1.3" X-WAWS-Unencoded-URL="/ce-devtracker-labs-app.git/git-receive-pack" X-Client-IP="185.3.52.158" X-Client-Port="58332" >
  <step title="RpcService.ReceivePack" date="2026-01-13T15:15:28.916" >
    <step title="Executing external process" date="2026-01-13T15:15:28.925" type="process" path="git" arguments="rev-parse --git-dir" /><!-- duration: 22ms -->
    <step title="Assuming git repository at /home/site/repository" date="2026-01-13T15:15:28.950" /><!-- duration: 3ms -->
    <step title="Acquiring Deployment Lock" date="2026-01-13T15:15:28.959" /><!-- duration: 3ms -->
    <step title="Acquired Deployment Lock" date="2026-01-13T15:15:29.022" /><!-- duration: 3ms -->
    <step title="Creating temporary deployment" date="2026-01-13T15:15:29.030" /><!-- duration: 86ms -->
    <step title="GitExeServer.Receive" date="2026-01-13T15:15:29.127" >
      <step title="Executing external process" date="2026-01-13T15:15:29.131" type="process" path="git" arguments="receive-pack --stateless-rpc &quot;/home/site/repository&quot;" /><!-- duration: 45319ms -->
    </step><!-- duration: 45330ms -->
    <step title="Releasing Deployment Lock" date="2026-01-13T15:16:14.520" /><!-- duration: 4ms -->
  </step><!-- duration: 45620ms -->
  <step title="Outgoing response" date="2026-01-13T15:16:14.543" type="response" statusCode="200" statusText="OK" /><!-- duration: 3ms -->
</step><!-- duration: 45694ms -->
