<step title="Incoming Request" date="2026-01-13T15:15:25.918" instance="c38d24" url="/ce-devtracker-labs-app.git/info/refs?service=git-receive-pack" method="GET" type="request" pid="832,1,7" Accept="*/*" Host="ce-devtracker-labs-app.scm.azurewebsites.net" User-Agent="git/2.52.0.windows.1" Accept-Encoding="deflate, gzip, br, zstd" Authorization="Bas..." Pragma="no-cache" X-ARR-LOG-ID="04e95e38-1bad-4296-86d7-ca88481ec90e" CLIENT-IP="185.3.52.158:58332" X-SITE-DEPLOYMENT-ID="ce-devtracker-labs-app" WAS-DEFAULT-HOSTNAME="ce-devtracker-labs-app.scm.azurewebsites.net" X-Forwarded-Proto="https" X-AppService-Proto="https" X-Forwarded-TlsVersion="1.3" X-WAWS-Unencoded-URL="/ce-devtracker-labs-app.git/info/refs?service=git-receive-pack" X-Client-IP="185.3.52.158" X-Client-Port="58332" >
  <step title="InfoRefsService.Execute" date="2026-01-13T15:15:26.447" >
    <step title="InfoRefsService.SmartInfoRefs" date="2026-01-13T15:15:26.472" >
      <step title="Acquiring Deployment Lock" date="2026-01-13T15:15:26.508" /><!-- duration: 28ms -->
      <step title="Acquired Deployment Lock" date="2026-01-13T15:15:26.565" /><!-- duration: 3ms -->
      <step title="GitExeServer.Initialize" date="2026-01-13T15:15:26.588" >
        <step title="GitExeRepository.Initialize" date="2026-01-13T15:15:26.595" >
          <step title="Executing external process" date="2026-01-13T15:15:26.600" type="process" path="git" arguments="init" /><!-- duration: 232ms -->
          <step title="Executing external process" date="2026-01-13T15:15:26.836" type="process" path="git" arguments="config core.autocrlf false" /><!-- duration: 17ms -->
          <step title="Executing external process" date="2026-01-13T15:15:26.857" type="process" path="git" arguments="config core.preloadindex true" /><!-- duration: 16ms -->
          <step title="Executing external process" date="2026-01-13T15:15:26.904" type="process" path="git" arguments="config user.name &quot;unknown&quot;" /><!-- duration: 15ms -->
          <step title="Executing external process" date="2026-01-13T15:15:26.925" type="process" path="git" arguments="config user.email &quot;unknown&quot;" /><!-- duration: 19ms -->
          <step title="Executing external process" date="2026-01-13T15:15:26.948" type="process" path="git" arguments="config filter.lfs.clean &quot;git-lfs clean %f&quot;" /><!-- duration: 38ms -->
          <step title="Executing external process" date="2026-01-13T15:15:26.990" type="process" path="git" arguments="config filter.lfs.smudge &quot;git-lfs smudge %f&quot;" /><!-- duration: 27ms -->
          <step title="Executing external process" date="2026-01-13T15:15:27.021" type="process" path="git" arguments="config filter.lfs.required true" /><!-- duration: 16ms -->
          <step title="Configure git server" date="2026-01-13T15:15:27.040" >
            <step title="Executing external process" date="2026-01-13T15:15:27.043" type="process" path="git" arguments="config receive.denyCurrentBranch ignore" /><!-- duration: 16ms -->
          </step><!-- duration: 23ms -->
          <step title="Create deny users for .git folder" date="2026-01-13T15:15:27.066" /><!-- duration: 37ms -->
          <step title="Configure git-credential" date="2026-01-13T15:15:27.106" >
            <step title="Executing external process" date="2026-01-13T15:15:27.126" type="process" path="git" arguments="config credential.helper &quot;!&apos;/home/site/repository/.git/hooks/git-credential-invalid.sh&apos;&quot;" /><!-- duration: 15ms -->
          </step><!-- duration: 39ms -->
          <step title="Setup post receive hook" date="2026-01-13T15:15:27.148" >
            <step title="Non-Windows enviroment, granting 755 permission to post-receive hook file" date="2026-01-13T15:15:27.168" /><!-- duration: 44ms -->
          </step><!-- duration: 71ms -->
        </step><!-- duration: 628ms -->
      </step><!-- duration: 639ms -->
      <step title="Releasing Deployment Lock" date="2026-01-13T15:15:27.231" /><!-- duration: 3ms -->
      <step title="GitExeServer.AdvertiseReceivePack" date="2026-01-13T15:15:27.267" >
        <step title="Executing external process" date="2026-01-13T15:15:27.271" type="process" path="git" arguments="receive-pack --stateless-rpc --advertise-refs &quot;/home/site/repository&quot;" /><!-- duration: 63ms -->
      </step><!-- duration: 71ms -->
      <step title="Writing 216 bytes" date="2026-01-13T15:15:27.341" /><!-- duration: 4ms -->
    </step><!-- duration: 877ms -->
  </step><!-- duration: 905ms -->
  <step title="Outgoing response" date="2026-01-13T15:15:27.362" type="response" statusCode="200" statusText="OK" /><!-- duration: 4ms -->
</step><!-- duration: 1455ms -->
